source,target
Rosalia,NATHY PELUSO
NATHY PELUSO,Sofía Gabanna
NATHY PELUSO,CA7RIEL
NATHY PELUSO,Sara Hebe
NATHY PELUSO,Ptazeta
NATHY PELUSO,C. Tangana
NATHY PELUSO,Chita
NATHY PELUSO,Mala Rodríguez
NATHY PELUSO,Marilina Bertoldi
NATHY PELUSO,Bad Gyal
NATHY PELUSO,LOUTA
NATHY PELUSO,Ms Nina
NATHY PELUSO,Gata Cattana
NATHY PELUSO,Paco Amoroso
NATHY PELUSO,ROSALÍA
NATHY PELUSO,Usted Señalemelo
NATHY PELUSO,Villano Antillano
NATHY PELUSO,TAICHU
NATHY PELUSO,Bandalos Chinos
NATHY PELUSO,El Kuelgue
NATHY PELUSO,NAFTA
Rosalia,C. Tangana
C. Tangana,DELLAFUENTE
C. Tangana,Cruz Cafuné
C. Tangana,Sen Senra
C. Tangana,Recycled J
C. Tangana,NATHY PELUSO
C. Tangana,Natos y Waor
C. Tangana,Don Patricio
C. Tangana,Delaossa
C. Tangana,Bad Gyal
C. Tangana,Agorazein
C. Tangana,Ayax y Prok
C. Tangana,Omar Montes
C. Tangana,Yung Beef
C. Tangana,FERNANDOCOSTA
C. Tangana,Sticky M.A.
C. Tangana,Alizzz
C. Tangana,Kaydy Cain
C. Tangana,Juancho Marqués
C. Tangana,Cupido
C. Tangana,Maikel Delacalle
Rosalia,Lola Indigo
Lola Indigo,Ana Mena
Lola Indigo,Chanel
Lola Indigo,Ana Guerra
Lola Indigo,Aitana
Lola Indigo,Vicco
Lola Indigo,Belén Aguilera
Lola Indigo,Miriam Rodríguez
Lola Indigo,Omar Montes
Lola Indigo,Álvaro De Luna
Lola Indigo,Edurne
Lola Indigo,Blas Cantó
Lola Indigo,Nil Moliner
Lola Indigo,Lérica
Lola Indigo,Miki Núñez
Lola Indigo,Sweet California
Lola Indigo,Amaia
Lola Indigo,Bad Gyal
Lola Indigo,Ptazeta
Lola Indigo,Abraham Mateo
Lola Indigo,Nerea Rodríguez
Rosalia,Bad Gyal
Bad Gyal,La Zowi
Bad Gyal,La Mafia del Amor
Bad Gyal,La Mafia del Amor x El Combo Perfecto
Bad Gyal,Tokischa
Bad Gyal,Soto Asa
Bad Gyal,DELLAFUENTE
Bad Gyal,Yung Beef
Bad Gyal,Kaydy Cain
Bad Gyal,Albany
Bad Gyal,Lola Indigo
Bad Gyal,LUNA KI
Bad Gyal,C. Tangana
Bad Gyal,Omar Montes
Bad Gyal,Rvfv
Bad Gyal,Ms Nina
Bad Gyal,NATHY PELUSO
Bad Gyal,Young Miko
Bad Gyal,Beny Jr
Bad Gyal,Saiko
Bad Gyal,PXXR GVNG
Rosalia,Aitana
Aitana,Ana Guerra
Aitana,Lola Indigo
Aitana,Ana Mena
Aitana,Miriam Rodríguez
Aitana,Beret
Aitana,Vicco
Aitana,Álvaro De Luna
Aitana,Amaia
Aitana,Chanel
Aitana,Cepeda
Aitana,Nil Moliner
Aitana,Blas Cantó
Aitana,Edurne
Aitana,Abraham Mateo
Aitana,Belén Aguilera
Aitana,Operación Triunfo 2017
Aitana,Sweet California
Aitana,Melendi
Aitana,zzoilo
Aitana,Dvicio
Rosalia,Becky G
Becky G,NATTI NATASHA
Becky G,Lele Pons
Becky G,Sofía Reyes
Becky G,Danna Paola
Becky G,Piso 21
Becky G,CNCO
Becky G,Greeicy
Becky G,Nacho
Becky G,Cazzu
Becky G,Mau y Ricky
Becky G,Manuel Turizo
Becky G,Sebastian Yatra
Becky G,Prince Royce
Becky G,Abraham Mateo
Becky G,KAROL G
Becky G,Wisin
Becky G,Nicky Jam
Becky G,Farruko
Becky G,Leslie Grace
Becky G,Yandel
Rosalia,Paloma Mami
Paloma Mami,Princesa Alba
Paloma Mami,Denise Rosenthal
Paloma Mami,Cami
Paloma Mami,Mariah Angeliq
Paloma Mami,SOULFIA
Paloma Mami,Tommy Boysen
Paloma Mami,Ceaese
Paloma Mami,Francisca Valenzuela
Paloma Mami,Farina
Paloma Mami,Ms Nina
Paloma Mami,DrefQuila
Paloma Mami,Polimá Westcoast
Paloma Mami,Gianluca
Paloma Mami,NATHY PELUSO
Paloma Mami,Young Cister
Paloma Mami,Cazzu
Paloma Mami,Moral Distraida
Paloma Mami,Pablo Chill-E
Paloma Mami,Bad Gyal
Paloma Mami,Los Power
Rosalia,Ana Mena
Ana Mena,Vicco
Ana Mena,Chanel
Ana Mena,Lola Indigo
Ana Mena,Ana Guerra
Ana Mena,Edurne
Ana Mena,Álvaro De Luna
Ana Mena,Abraham Mateo
Ana Mena,Aitana
Ana Mena,Lérica
Ana Mena,DePol
Ana Mena,Nil Moliner
Ana Mena,Blas Cantó
Ana Mena,Belén Aguilera
Ana Mena,Dani Fernández
Ana Mena,Sweet California
Ana Mena,Bombai
Ana Mena,Omar Montes
Ana Mena,MARLENA
Ana Mena,Miriam Rodríguez
Ana Mena,India Martinez
Rosalia,Mala Rodríguez
Mala Rodríguez,Arianna Puello
Mala Rodríguez,Violadores Del Verso
Mala Rodríguez,Ana Tijoux
Mala Rodríguez,Gata Cattana
Mala Rodríguez,Bebe
Mala Rodríguez,SFDK
Mala Rodríguez,Kase.O
Mala Rodríguez,ToteKing
Mala Rodríguez,R De Rumba
Mala Rodríguez,7 Notas 7 Colores
Mala Rodríguez,Shotta
Mala Rodríguez,Sara Hebe
Mala Rodríguez,Orishas
Mala Rodríguez,Falsalarma
Mala Rodríguez,Rapsusklei
Mala Rodríguez,NATHY PELUSO
Mala Rodríguez,Bomba Estéreo
Mala Rodríguez,Morodo
Mala Rodríguez,Chambao
Mala Rodríguez,El Chojin
Rosalia,NATTI NATASHA
NATTI NATASHA,Becky G
NATTI NATASHA,Lele Pons
NATTI NATASHA,Sofía Reyes
NATTI NATASHA,Nacho
NATTI NATASHA,Mau y Ricky
NATTI NATASHA,Joey Montana
NATTI NATASHA,Greeicy
NATTI NATASHA,CNCO
NATTI NATASHA,Wisin
NATTI NATASHA,Chyno Miranda
NATTI NATASHA,Piso 21
NATTI NATASHA,Chino & Nacho
NATTI NATASHA,Danna Paola
NATTI NATASHA,Yandel
NATTI NATASHA,Leslie Grace
NATTI NATASHA,Manuel Turizo
NATTI NATASHA,Justin Quiles
NATTI NATASHA,Cazzu
NATTI NATASHA,Farruko
NATTI NATASHA,Zion & Lennox
Rosalia,Rauw Alejandro
Rauw Alejandro,Myke Towers
Rauw Alejandro,Jhayco
Rauw Alejandro,Mora
Rauw Alejandro,Sech
Rauw Alejandro,Feid
Rauw Alejandro,Lunay
Rauw Alejandro,Dalex
Rauw Alejandro,Tainy
Rauw Alejandro,Jay Wheeler
Rauw Alejandro,Justin Quiles
Rauw Alejandro,Arcángel
Rauw Alejandro,Lenny Tavárez
Rauw Alejandro,Quevedo
Rauw Alejandro,Eladio Carrion
Rauw Alejandro,Alex Rose
Rauw Alejandro,Anuel AA
Rauw Alejandro,Bryant Myers
Rauw Alejandro,Manuel Turizo
Rauw Alejandro,Ozuna
Rauw Alejandro,Young Miko
Rosalia,Tokischa
Tokischa,Yailin la Mas Viral
Tokischa,Bad Gyal
Tokischa,Villano Antillano
Tokischa,La Perversa
Tokischa,Young Miko
Tokischa,La Insuperable
Tokischa,Yomel El Meloso
Tokischa,Bellakath
Tokischa,Haraca Kiko
Tokischa,El Alfa
Tokischa,Yeri Mua
Tokischa,El Cherry Scom
Tokischa,Treintisiete
Tokischa,Rochy RD
Tokischa,Bulin 47
Tokischa,Farina
Tokischa,Angel Dior
Tokischa,Kiko el Crazy
Tokischa,Arca
Tokischa,Dani Flow
Rosalia,Arca
Arca,Safety Trance
Arca,SOPHIE
Arca,Sega Bodega
Arca,Eartheater
Arca,Shygirl
Arca,Isabella Lovestory
Arca,COUCOU CHLOE
Arca,A. G. Cook
Arca,Yves Tumor
Arca,Doon Kanda
Arca,Caroline Polachek
Arca,FKA twigs
Arca,Oneohtrix Point Never
Arca,Namasenda
Arca,Amnesia Scanner
Arca,Sevdaliza
Arca,yeule
Arca,Dorian Electra
Arca,COBRAH
Arca,Kelela
Rosalia,Lele Pons
Lele Pons,Sofía Reyes
Lele Pons,Guaynaa
Lele Pons,Malu Trevejo
Lele Pons,Mariah Angeliq
Lele Pons,Mont
Lele Pons,Farina
Lele Pons,Ingratax
Lele Pons,NATTI NATASHA
Lele Pons,Becky G
Lele Pons,Ely Blancarte
Lele Pons,Danna Paola
Lele Pons,Katia Morales
Lele Pons,Kimberly Loaiza
Lele Pons,Fénix Team
Lele Pons,Steff
Lele Pons,Katie Angel
Lele Pons,Mariana Ávila
Lele Pons,Jukilop
Lele Pons,Jd Pantoja
Lele Pons,Sofi Mata
Rosalia,J Balvin
J Balvin,Nicky Jam
J Balvin,Farruko
J Balvin,Maluma
J Balvin,Wisin
J Balvin,Yandel
J Balvin,Zion & Lennox
J Balvin,Ozuna
J Balvin,Daddy Yankee
J Balvin,Sech
J Balvin,J Alvarez
J Balvin,Piso 21
J Balvin,Arcángel
J Balvin,Manuel Turizo
J Balvin,NATTI NATASHA
J Balvin,De La Ghetto
J Balvin,Wisin & Yandel
J Balvin,Sebastian Yatra
J Balvin,Rauw Alejandro
J Balvin,Justin Quiles
J Balvin,Don Omar
Rosalia,TINI
TINI,Emilia
TINI,Maria Becerra
TINI,Lali
TINI,La Joaqui
TINI,MYA
TINI,Rusherking
TINI,Big One
TINI,Rombai
TINI,Tiago PZK
TINI,FMK
TINI,Nicki Nicole
TINI,Luck Ra
TINI,BM
TINI,Marama
TINI,Migrantes
TINI,Mau y Ricky
TINI,j mena
TINI,Cazzu
TINI,Callejero Fino
TINI,Sofía Reyes
Rosalia,KAROL G
KAROL G,NATTI NATASHA
KAROL G,Becky G
KAROL G,Manuel Turizo
KAROL G,Greeicy
KAROL G,Rauw Alejandro
KAROL G,Sebastian Yatra
KAROL G,Camilo
KAROL G,Maluma
KAROL G,Ozuna
KAROL G,Feid
KAROL G,J Balvin
KAROL G,Daddy Yankee
KAROL G,Cazzu
KAROL G,Anuel AA
KAROL G,Sech
KAROL G,Piso 21
KAROL G,Farruko
KAROL G,Romeo Santos
KAROL G,Bad Bunny
KAROL G,Nicky Jam
Rosalia,Quevedo
Quevedo,Saiko
Quevedo,Mora
Quevedo,Myke Towers
Quevedo,Jhayco
Quevedo,Feid
Quevedo,Eladio Carrion
Quevedo,Duki
Quevedo,Bizarrap
Quevedo,Rvfv
Quevedo,Tiago PZK
Quevedo,Milo j
Quevedo,JC Reyes
Quevedo,Dei V
Quevedo,Omar Montes
Quevedo,Young Miko
Quevedo,Emilia
Quevedo,DELLAFUENTE
Quevedo,Rauw Alejandro
Quevedo,Tainy
Quevedo,Nicki Nicole
Rosalia,Nicki Nicole
Nicki Nicole,Tiago PZK
Nicki Nicole,Emilia
Nicki Nicole,LIT killah
Nicki Nicole,Rusherking
Nicki Nicole,Trueno
Nicki Nicole,Maria Becerra
Nicki Nicole,KHEA
Nicki Nicole,Cazzu
Nicki Nicole,FMK
Nicki Nicole,Duki
Nicki Nicole,Milo j
Nicki Nicole,YSY A
Nicki Nicole,WOS
Nicki Nicole,La Joaqui
Nicki Nicole,Bhavi
Nicki Nicole,Young Miko
Nicki Nicole,TINI
Nicki Nicole,Rei
Nicki Nicole,Bizarrap
Nicki Nicole,Lali
Rosalia,Danna Paola
Danna Paola,Paty Cantú
Danna Paola,Belinda
Danna Paola,Lele Pons
Danna Paola,Sofía Reyes
Danna Paola,Ha*Ash
Danna Paola,María José
Danna Paola,Fanny Lu
Danna Paola,Paulina Goto
Danna Paola,Jesse & Joy
Danna Paola,NATTI NATASHA
Danna Paola,Playa Limbo
Danna Paola,Becky G
Danna Paola,Río Roma
Danna Paola,Yuridia
Danna Paola,Reik
Danna Paola,Maite Perroni
Danna Paola,Mau y Ricky
Danna Paola,Thalia
Danna Paola,Eiza
Danna Paola,Greeicy
Rosalia,r&b en espanol
Rosalia,rap latina
NATHY PELUSO,rap underground espanol
NATHY PELUSO,argentine indie
NATHY PELUSO,electronica argentina
NATHY PELUSO,trap argentino
NATHY PELUSO,argentine indie
NATHY PELUSO,rap latina
NATHY PELUSO,rap politico
NATHY PELUSO,rap canario
NATHY PELUSO,urbano espanol
NATHY PELUSO,argentine indie
NATHY PELUSO,r&b argentino
NATHY PELUSO,r&b en espanol
NATHY PELUSO,latin hip hop
NATHY PELUSO,rap latina
NATHY PELUSO,argentine alternative rock
NATHY PELUSO,argentine indie
NATHY PELUSO,argentine rock
NATHY PELUSO,neoperreo
NATHY PELUSO,rap catala
NATHY PELUSO,rap latina
NATHY PELUSO,trap catala
NATHY PELUSO,urbano espanol
NATHY PELUSO,urbano latino
NATHY PELUSO,argentine alternative rock
NATHY PELUSO,argentine indie
NATHY PELUSO,electronica argentina
NATHY PELUSO,pop argentino
NATHY PELUSO,neoperreo
NATHY PELUSO,rap latina
NATHY PELUSO,rap canario
NATHY PELUSO,rap latina
NATHY PELUSO,rap politico
NATHY PELUSO,spanish hip hop
NATHY PELUSO,urbano espanol
NATHY PELUSO,argentine indie
NATHY PELUSO,rap underground argentino
NATHY PELUSO,pop
NATHY PELUSO,r&b en espanol
NATHY PELUSO,argentine alternative rock
NATHY PELUSO,argentine indie
NATHY PELUSO,argentine rock
NATHY PELUSO,electronica argentina
NATHY PELUSO,manso indie
NATHY PELUSO,pop electronico
NATHY PELUSO,rap boricua
NATHY PELUSO,urbano latino
NATHY PELUSO,trap argentino
NATHY PELUSO,argentine alternative rock
NATHY PELUSO,argentine indie
NATHY PELUSO,latin rock
NATHY PELUSO,argentine indie
NATHY PELUSO,argentine reggae
NATHY PELUSO,argentine rock
NATHY PELUSO,argentine indie
NATHY PELUSO,latin funk
NATHY PELUSO,r&b argentino
Rosalia,urbano espanol
C. Tangana,flamenco urbano
C. Tangana,urbano espanol
C. Tangana,rap canario
C. Tangana,spanish hip hop
C. Tangana,urbano espanol
C. Tangana,urbano espanol
C. Tangana,spanish hip hop
C. Tangana,urbano espanol
C. Tangana,r&b en espanol
C. Tangana,rap latina
C. Tangana,rap underground espanol
C. Tangana,spanish hip hop
C. Tangana,urbano espanol
C. Tangana,rap canario
C. Tangana,urbano espanol
C. Tangana,boom bap espanol
C. Tangana,rap canario
C. Tangana,spanish hip hop
C. Tangana,urbano espanol
C. Tangana,neoperreo
C. Tangana,rap catala
C. Tangana,rap latina
C. Tangana,trap catala
C. Tangana,urbano espanol
C. Tangana,urbano latino
C. Tangana,spanish hip hop
C. Tangana,urbano espanol
C. Tangana,rap politico
C. Tangana,spanish hip hop
C. Tangana,urbano espanol
C. Tangana,flamenco urbano
C. Tangana,pop flamenco
C. Tangana,urbano espanol
C. Tangana,drill espanol
C. Tangana,emo trap en espanol
C. Tangana,neoperreo
C. Tangana,spanish hip hop
C. Tangana,urbano espanol
C. Tangana,spanish hip hop
C. Tangana,emo trap en espanol
C. Tangana,urbano espanol
C. Tangana,tontipop
C. Tangana,vapor twitch
C. Tangana,neoperreo
C. Tangana,urbano espanol
C. Tangana,spanish hip hop
C. Tangana,urbano espanol
C. Tangana,urbano espanol
C. Tangana,rap canario
C. Tangana,trap latino
C. Tangana,urbano espanol
Rosalia,latin viral pop
Rosalia,spanish pop
Lola Indigo,spanish pop
Lola Indigo,latin pop
Lola Indigo,latin talent show
Lola Indigo,spanish pop
Lola Indigo,latin talent show
Lola Indigo,latin viral pop
Lola Indigo,spanish pop
Lola Indigo,spanish pop
Lola Indigo,latin talent show
Lola Indigo,flamenco urbano
Lola Indigo,pop flamenco
Lola Indigo,urbano espanol
Lola Indigo,spanish pop
Lola Indigo,latin arena pop
Lola Indigo,spanish pop
Lola Indigo,spanish pop
Lola Indigo,spanish pop
Lola Indigo,spanish pop
Lola Indigo,latin talent show
Lola Indigo,reggae catala
Lola Indigo,latin viral pop
Lola Indigo,latin talent show
Lola Indigo,tontipop
Lola Indigo,neoperreo
Lola Indigo,rap catala
Lola Indigo,rap latina
Lola Indigo,trap catala
Lola Indigo,urbano espanol
Lola Indigo,urbano latino
Lola Indigo,rap canario
Lola Indigo,latin arena pop
Lola Indigo,latin pop
Lola Indigo,latin viral pop
Lola Indigo,reggaeton
Lola Indigo,spanish pop
Lola Indigo,latin talent show
Rosalia,neoperreo
Rosalia,rap catala
Rosalia,rap latina
Rosalia,trap catala
Rosalia,urbano espanol
Rosalia,urbano latino
Bad Gyal,rap latina
Bad Gyal,urbano espanol
Bad Gyal,urbano espanol
Bad Gyal,urbano espanol
Bad Gyal,rap latina
Bad Gyal,trap dominicano
Bad Gyal,urbano espanol
Bad Gyal,flamenco urbano
Bad Gyal,urbano espanol
Bad Gyal,drill espanol
Bad Gyal,emo trap en espanol
Bad Gyal,neoperreo
Bad Gyal,spanish hip hop
Bad Gyal,urbano espanol
Bad Gyal,neoperreo
Bad Gyal,urbano espanol
Bad Gyal,urbano espanol
Bad Gyal,latin viral pop
Bad Gyal,spanish pop
Bad Gyal,urbano espanol
Bad Gyal,urbano espanol
Bad Gyal,flamenco urbano
Bad Gyal,pop flamenco
Bad Gyal,urbano espanol
Bad Gyal,drill espanol
Bad Gyal,flamenco urbano
Bad Gyal,urbano espanol
Bad Gyal,urbano latino
Bad Gyal,neoperreo
Bad Gyal,rap latina
Bad Gyal,r&b en espanol
Bad Gyal,rap latina
Bad Gyal,trap latino
Bad Gyal,urbano latino
Bad Gyal,drill espanol
Bad Gyal,urbano espanol
Bad Gyal,trap latino
Bad Gyal,urbano espanol
Bad Gyal,urbano latino
Bad Gyal,urbano espanol
Rosalia,latin talent show
Rosalia,latin viral pop
Rosalia,spanish pop
Aitana,latin pop
Aitana,latin talent show
Aitana,spanish pop
Aitana,latin viral pop
Aitana,spanish pop
Aitana,spanish pop
Aitana,latin talent show
Aitana,spanish hip hop
Aitana,spanish pop
Aitana,spanish pop
Aitana,latin talent show
Aitana,tontipop
Aitana,latin talent show
Aitana,spanish pop
Aitana,spanish pop
Aitana,spanish pop
Aitana,latin arena pop
Aitana,spanish pop
Aitana,latin arena pop
Aitana,latin pop
Aitana,latin viral pop
Aitana,reggaeton
Aitana,spanish pop
Aitana,spanish pop
Aitana,latin talent show
Aitana,latin viral pop
Aitana,latin viral pop
Aitana,spanish pop
Aitana,spanish pop rock
Aitana,latin pop
Aitana,latin arena pop
Aitana,latin pop
Aitana,spanish pop
Rosalia,latin pop
Rosalia,latin viral pop
Rosalia,rap latina
Rosalia,reggaeton
Rosalia,trap latino
Rosalia,urbano latino
Becky G,latin pop
Becky G,rap latina
Becky G,reggaeton
Becky G,urbano latino
Becky G,latin pop
Becky G,latin viral pop
Becky G,viral pop
Becky G,latin pop
Becky G,latin viral pop
Becky G,mexican pop
Becky G,reggaeton
Becky G,latin pop
Becky G,latin viral pop
Becky G,mexican pop
Becky G,colombian pop
Becky G,latin pop
Becky G,reggaeton
Becky G,reggaeton colombiano
Becky G,trap latino
Becky G,urbano latino
Becky G,boy band
Becky G,latin pop
Becky G,reggaeton
Becky G,urbano latino
Becky G,colombian pop
Becky G,latin pop
Becky G,r&b en espanol
Becky G,reggaeton
Becky G,reggaeton colombiano
Becky G,urbano latino
Becky G,latin pop
Becky G,pop venezolano
Becky G,reggaeton
Becky G,trap latino
Becky G,urbano latino
Becky G,argentine hip hop
Becky G,rap latina
Becky G,reggaeton
Becky G,trap argentino
Becky G,trap latino
Becky G,urbano latino
Becky G,latin pop
Becky G,pop venezolano
Becky G,reggaeton
Becky G,urbano latino
Becky G,colombian pop
Becky G,latin pop
Becky G,reggaeton
Becky G,reggaeton colombiano
Becky G,trap latino
Becky G,urbano latino
Becky G,colombian pop
Becky G,latin pop
Becky G,reggaeton
Becky G,reggaeton colombiano
Becky G,urbano latino
Becky G,bachata
Becky G,latin hip hop
Becky G,latin pop
Becky G,urbano latino
Becky G,latin arena pop
Becky G,latin pop
Becky G,latin viral pop
Becky G,reggaeton
Becky G,spanish pop
Becky G,reggaeton
Becky G,reggaeton colombiano
Becky G,trap latino
Becky G,urbano latino
Becky G,reggaeton
Becky G,urbano latino
Becky G,latin hip hop
Becky G,reggaeton
Becky G,trap latino
Becky G,urbano latino
Becky G,reggaeton
Becky G,trap latino
Becky G,urbano latino
Becky G,bachata
Becky G,latin viral pop
Becky G,latin hip hop
Becky G,reggaeton
Becky G,trap latino
Becky G,urbano latino
Rosalia,latin pop
Rosalia,reggaeton chileno
Rosalia,trap chileno
Paloma Mami,trap chileno
Paloma Mami,pop chileno
Paloma Mami,latin pop
Paloma Mami,pop chileno
Paloma Mami,rap latina
Paloma Mami,trap latino
Paloma Mami,urbano latino
Paloma Mami,r&b en espanol
Paloma Mami,urbano chileno
Paloma Mami,reggaeton chileno
Paloma Mami,urbano chileno
Paloma Mami,neoperreo
Paloma Mami,trap chileno
Paloma Mami,urbano chileno
Paloma Mami,chilean rock
Paloma Mami,pop chileno
Paloma Mami,pop electronico
Paloma Mami,colombian pop
Paloma Mami,rap latina
Paloma Mami,reggaeton colombiano
Paloma Mami,trap latino
Paloma Mami,urbano latino
Paloma Mami,neoperreo
Paloma Mami,rap latina
Paloma Mami,reggaeton chileno
Paloma Mami,trap chileno
Paloma Mami,trap latino
Paloma Mami,urbano chileno
Paloma Mami,trap chileno
Paloma Mami,trap triste
Paloma Mami,urbano chileno
Paloma Mami,neoperreo
Paloma Mami,reggaeton chileno
Paloma Mami,trap chileno
Paloma Mami,r&b en espanol
Paloma Mami,rap latina
Paloma Mami,trap chileno
Paloma Mami,urbano chileno
Paloma Mami,argentine hip hop
Paloma Mami,rap latina
Paloma Mami,reggaeton
Paloma Mami,trap argentino
Paloma Mami,trap latino
Paloma Mami,urbano latino
Paloma Mami,chilean indie
Paloma Mami,chilean rock
Paloma Mami,cumbia chilena
Paloma Mami,pop chileno
Paloma Mami,trap chileno
Paloma Mami,urbano chileno
Paloma Mami,urbano latino
Paloma Mami,neoperreo
Paloma Mami,rap catala
Paloma Mami,rap latina
Paloma Mami,trap catala
Paloma Mami,urbano espanol
Paloma Mami,urbano latino
Paloma Mami,reggaeton chileno
Rosalia,spanish pop
Ana Mena,latin viral pop
Ana Mena,spanish pop
Ana Mena,latin pop
Ana Mena,latin talent show
Ana Mena,spanish pop
Ana Mena,latin arena pop
Ana Mena,spanish pop
Ana Mena,spanish pop
Ana Mena,latin arena pop
Ana Mena,latin pop
Ana Mena,latin viral pop
Ana Mena,reggaeton
Ana Mena,spanish pop
Ana Mena,latin talent show
Ana Mena,latin viral pop
Ana Mena,spanish pop
Ana Mena,spanish pop
Ana Mena,spanish pop
Ana Mena,spanish pop
Ana Mena,spanish pop
Ana Mena,spanish pop
Ana Mena,latin viral pop
Ana Mena,spanish pop
Ana Mena,flamenco urbano
Ana Mena,pop flamenco
Ana Mena,urbano espanol
Ana Mena,spanish pop
Ana Mena,latin talent show
Ana Mena,latin arena pop
Ana Mena,pop flamenco
Ana Mena,spanish pop
Rosalia,latin hip hop
Rosalia,rap latina
Mala Rodríguez,rap underground espanol
Mala Rodríguez,spanish hip hop
Mala Rodríguez,boom bap espanol
Mala Rodríguez,rap underground espanol
Mala Rodríguez,spanish hip hop
Mala Rodríguez,venezuelan hip hop
Mala Rodríguez,chilean rock
Mala Rodríguez,latin alternative
Mala Rodríguez,latintronica
Mala Rodríguez,rap chileno
Mala Rodríguez,rap feminino chileno
Mala Rodríguez,rap latina
Mala Rodríguez,rap politico
Mala Rodríguez,rap canario
Mala Rodríguez,rap latina
Mala Rodríguez,rap politico
Mala Rodríguez,spanish hip hop
Mala Rodríguez,urbano espanol
Mala Rodríguez,spanish pop
Mala Rodríguez,rap politico
Mala Rodríguez,rap underground espanol
Mala Rodríguez,spanish hip hop
Mala Rodríguez,rap politico
Mala Rodríguez,spanish hip hop
Mala Rodríguez,boom bap espanol
Mala Rodríguez,rap underground espanol
Mala Rodríguez,spanish hip hop
Mala Rodríguez,rap underground espanol
Mala Rodríguez,spanish hip hop
Mala Rodríguez,spanish hip hop
Mala Rodríguez,rap politico
Mala Rodríguez,spanish hip hop
Mala Rodríguez,argentine indie
Mala Rodríguez,rap latina
Mala Rodríguez,rap politico
Mala Rodríguez,conscious hip hop
Mala Rodríguez,cuban alternative
Mala Rodríguez,hip hop cubano
Mala Rodríguez,latin alternative
Mala Rodríguez,latin hip hop
Mala Rodríguez,rap conciencia
Mala Rodríguez,spanish hip hop
Mala Rodríguez,boom bap espanol
Mala Rodríguez,rap conciencia
Mala Rodríguez,spanish hip hop
Mala Rodríguez,r&b en espanol
Mala Rodríguez,rap latina
Mala Rodríguez,cumbia
Mala Rodríguez,latin alternative
Mala Rodríguez,latin rock
Mala Rodríguez,pop electronico
Mala Rodríguez,tropical alternativo
Mala Rodríguez,reggae en espanol
Mala Rodríguez,spanish hip hop
Mala Rodríguez,spanish reggae
Mala Rodríguez,flamenco
Mala Rodríguez,pop flamenco
Mala Rodríguez,rumba
Mala Rodríguez,spanish pop
Mala Rodríguez,rap conciencia
Mala Rodríguez,spanish hip hop
Rosalia,latin pop
Rosalia,rap latina
Rosalia,reggaeton
Rosalia,urbano latino
NATTI NATASHA,latin pop
NATTI NATASHA,latin viral pop
NATTI NATASHA,rap latina
NATTI NATASHA,reggaeton
NATTI NATASHA,trap latino
NATTI NATASHA,urbano latino
NATTI NATASHA,latin pop
NATTI NATASHA,latin viral pop
NATTI NATASHA,viral pop
NATTI NATASHA,latin pop
NATTI NATASHA,latin viral pop
NATTI NATASHA,mexican pop
NATTI NATASHA,reggaeton
NATTI NATASHA,latin pop
NATTI NATASHA,pop venezolano
NATTI NATASHA,reggaeton
NATTI NATASHA,trap latino
NATTI NATASHA,urbano latino
NATTI NATASHA,latin pop
NATTI NATASHA,pop venezolano
NATTI NATASHA,reggaeton
NATTI NATASHA,urbano latino
NATTI NATASHA,latin pop
NATTI NATASHA,reggaeton
NATTI NATASHA,urbano latino
NATTI NATASHA,colombian pop
NATTI NATASHA,latin pop
NATTI NATASHA,r&b en espanol
NATTI NATASHA,reggaeton
NATTI NATASHA,reggaeton colombiano
NATTI NATASHA,urbano latino
NATTI NATASHA,boy band
NATTI NATASHA,latin pop
NATTI NATASHA,reggaeton
NATTI NATASHA,urbano latino
NATTI NATASHA,reggaeton
NATTI NATASHA,urbano latino
NATTI NATASHA,latin pop
NATTI NATASHA,reggaeton
NATTI NATASHA,urbano latino
NATTI NATASHA,colombian pop
NATTI NATASHA,latin pop
NATTI NATASHA,reggaeton
NATTI NATASHA,reggaeton colombiano
NATTI NATASHA,trap latino
NATTI NATASHA,urbano latino
NATTI NATASHA,electro latino
NATTI NATASHA,latin hip hop
NATTI NATASHA,latin pop
NATTI NATASHA,urbano latino
NATTI NATASHA,latin pop
NATTI NATASHA,latin viral pop
NATTI NATASHA,mexican pop
NATTI NATASHA,latin hip hop
NATTI NATASHA,reggaeton
NATTI NATASHA,trap latino
NATTI NATASHA,urbano latino
NATTI NATASHA,bachata
NATTI NATASHA,latin viral pop
NATTI NATASHA,colombian pop
NATTI NATASHA,latin pop
NATTI NATASHA,reggaeton
NATTI NATASHA,reggaeton colombiano
NATTI NATASHA,trap latino
NATTI NATASHA,urbano latino
NATTI NATASHA,reggaeton
NATTI NATASHA,trap latino
NATTI NATASHA,urbano latino
NATTI NATASHA,argentine hip hop
NATTI NATASHA,rap latina
NATTI NATASHA,reggaeton
NATTI NATASHA,trap argentino
NATTI NATASHA,trap latino
NATTI NATASHA,urbano latino
NATTI NATASHA,reggaeton
NATTI NATASHA,trap latino
NATTI NATASHA,urbano latino
NATTI NATASHA,reggaeton
NATTI NATASHA,urbano latino
Rosalia,puerto rican pop
Rosalia,reggaeton
Rosalia,trap latino
Rosalia,urbano latino
Rauw Alejandro,reggaeton
Rauw Alejandro,trap latino
Rauw Alejandro,urbano latino
Rauw Alejandro,reggaeton
Rauw Alejandro,trap latino
Rauw Alejandro,urbano latino
Rauw Alejandro,trap latino
Rauw Alejandro,urbano latino
Rauw Alejandro,panamanian pop
Rauw Alejandro,reggaeton
Rauw Alejandro,trap latino
Rauw Alejandro,urbano latino
Rauw Alejandro,colombian pop
Rauw Alejandro,pop reggaeton
Rauw Alejandro,reggaeton
Rauw Alejandro,reggaeton colombiano
Rauw Alejandro,trap latino
Rauw Alejandro,urbano latino
Rauw Alejandro,reggaeton
Rauw Alejandro,reggaeton flow
Rauw Alejandro,trap latino
Rauw Alejandro,urbano latino
Rauw Alejandro,r&b en espanol
Rauw Alejandro,reggaeton
Rauw Alejandro,trap latino
Rauw Alejandro,urbano latino
Rauw Alejandro,pop reggaeton
Rauw Alejandro,reggaeton
Rauw Alejandro,trap latino
Rauw Alejandro,urbano latino
Rauw Alejandro,reggaeton
Rauw Alejandro,trap latino
Rauw Alejandro,urbano latino
Rauw Alejandro,reggaeton
Rauw Alejandro,trap latino
Rauw Alejandro,urbano latino
Rauw Alejandro,latin hip hop
Rauw Alejandro,reggaeton
Rauw Alejandro,trap latino
Rauw Alejandro,urbano latino
Rauw Alejandro,reggaeton
Rauw Alejandro,trap argentino
Rauw Alejandro,trap latino
Rauw Alejandro,urbano latino
Rauw Alejandro,rap canario
Rauw Alejandro,trap latino
Rauw Alejandro,urbano latino
Rauw Alejandro,trap boricua
Rauw Alejandro,trap latino
Rauw Alejandro,trap triste
Rauw Alejandro,urbano latino
Rauw Alejandro,reggaeton
Rauw Alejandro,trap latino
Rauw Alejandro,urbano latino
Rauw Alejandro,reggaeton
Rauw Alejandro,reggaeton flow
Rauw Alejandro,trap boricua
Rauw Alejandro,trap latino
Rauw Alejandro,urbano latino
Rauw Alejandro,reggaeton
Rauw Alejandro,reggaeton flow
Rauw Alejandro,trap latino
Rauw Alejandro,urbano latino
Rauw Alejandro,colombian pop
Rauw Alejandro,latin pop
Rauw Alejandro,reggaeton
Rauw Alejandro,reggaeton colombiano
Rauw Alejandro,trap latino
Rauw Alejandro,urbano latino
Rauw Alejandro,puerto rican pop
Rauw Alejandro,reggaeton
Rauw Alejandro,trap latino
Rauw Alejandro,urbano latino
Rauw Alejandro,trap latino
Rauw Alejandro,urbano latino
Rosalia,rap latina
Rosalia,trap dominicano
Tokischa,dembow
Tokischa,dembow dominicano
Tokischa,neoperreo
Tokischa,rap catala
Tokischa,rap latina
Tokischa,trap catala
Tokischa,urbano espanol
Tokischa,urbano latino
Tokischa,rap boricua
Tokischa,urbano latino
Tokischa,dembow dominicano
Tokischa,trap dominicano
Tokischa,trap latino
Tokischa,urbano latino
Tokischa,dembow
Tokischa,rap dominicano
Tokischa,rap latina
Tokischa,dembow
Tokischa,dembow dominicano
Tokischa,rap dominicano
Tokischa,reggaeton mexicano
Tokischa,urbano latino
Tokischa,dembow dominicano
Tokischa,dembow
Tokischa,rap dominicano
Tokischa,trap latino
Tokischa,urbano latino
Tokischa,urbano mexicano
Tokischa,dembow
Tokischa,dembow dominicano
Tokischa,dembow
Tokischa,dembow dominicano
Tokischa,rap dominicano
Tokischa,trap latino
Tokischa,dembow
Tokischa,rap dominicano
Tokischa,colombian pop
Tokischa,rap latina
Tokischa,reggaeton colombiano
Tokischa,trap latino
Tokischa,urbano latino
Tokischa,dembow dominicano
Tokischa,dembow dominicano
Tokischa,ai
Tokischa,art pop
Tokischa,deconstructed club
Tokischa,escape room
Tokischa,experimental pop
Tokischa,fluxwork
Tokischa,reggaeton mexicano
Rosalia,ai
Rosalia,art pop
Rosalia,deconstructed club
Rosalia,escape room
Rosalia,experimental pop
Rosalia,fluxwork
Arca,latin tek
Arca,art pop
Arca,bubblegum bass
Arca,deconstructed club
Arca,escape room
Arca,hyperpop
Arca,proto-hyperpop
Arca,transpop
Arca,deconstructed club
Arca,escape room
Arca,hyperpop
Arca,proto-hyperpop
Arca,art pop
Arca,electra
Arca,escape room
Arca,experimental pop
Arca,spectra
Arca,alternative r&b
Arca,art pop
Arca,electra
Arca,escape room
Arca,grimewave
Arca,hyperpop
Arca,latin tek
Arca,deconstructed club
Arca,electra
Arca,escape room
Arca,fluxwork
Arca,grimewave
Arca,hyperpop
Arca,proto-hyperpop
Arca,spectra
Arca,bubblegum bass
Arca,escape room
Arca,hyperpop
Arca,proto-hyperpop
Arca,art pop
Arca,escape room
Arca,experimental pop
Arca,experimental r&b
Arca,hypnagogic pop
Arca,deconstructed club
Arca,grimewave
Arca,art pop
Arca,escape room
Arca,indie pop
Arca,indietronica
Arca,afrofuturism
Arca,alternative r&b
Arca,art pop
Arca,escape room
Arca,experimental r&b
Arca,trip hop
Arca,ambient
Arca,art pop
Arca,drone
Arca,experimental pop
Arca,fluxwork
Arca,hauntology
Arca,hypnagogic pop
Arca,intelligent dance music
Arca,wonky
Arca,escape room
Arca,hyperpop
Arca,pink noise
Arca,proto-hyperpop
Arca,deconstructed club
Arca,finnish electronic
Arca,fluxwork
Arca,grimewave
Arca,alternative r&b
Arca,art pop
Arca,escape room
Arca,persian electronic
Arca,ambient pop
Arca,hyper-rock
Arca,escape room
Arca,hyper-rock
Arca,hyperpop
Arca,pink noise
Arca,proto-hyperpop
Arca,escape room
Arca,pink noise
Arca,afrofuturism
Arca,alternative r&b
Arca,escape room
Arca,experimental r&b
Rosalia,latin pop
Rosalia,latin viral pop
Rosalia,viral pop
Lele Pons,latin pop
Lele Pons,latin viral pop
Lele Pons,mexican pop
Lele Pons,reggaeton
Lele Pons,reggaeton
Lele Pons,reggaeton flow
Lele Pons,urbano latino
Lele Pons,rap latina
Lele Pons,trap latino
Lele Pons,urbano latino
Lele Pons,latin viral pop
Lele Pons,urbano mexicano
Lele Pons,colombian pop
Lele Pons,rap latina
Lele Pons,reggaeton colombiano
Lele Pons,trap latino
Lele Pons,urbano latino
Lele Pons,concurso de talentos argentino
Lele Pons,latin viral pop
Lele Pons,urbano mexicano
Lele Pons,latin pop
Lele Pons,rap latina
Lele Pons,reggaeton
Lele Pons,urbano latino
Lele Pons,latin pop
Lele Pons,latin viral pop
Lele Pons,rap latina
Lele Pons,reggaeton
Lele Pons,trap latino
Lele Pons,urbano latino
Lele Pons,latin viral pop
Lele Pons,latin pop
Lele Pons,latin viral pop
Lele Pons,mexican pop
Lele Pons,latin viral pop
Lele Pons,latin viral pop
Lele Pons,urbano mexicano
Lele Pons,latin viral pop
Lele Pons,latin viral pop
Lele Pons,latin viral pop
Lele Pons,urbano mexicano
Lele Pons,urbano mexicano
Rosalia,reggaeton
Rosalia,reggaeton colombiano
Rosalia,trap latino
Rosalia,urbano latino
J Balvin,latin hip hop
J Balvin,reggaeton
J Balvin,trap latino
J Balvin,urbano latino
J Balvin,reggaeton
J Balvin,trap latino
J Balvin,urbano latino
J Balvin,latin pop
J Balvin,reggaeton
J Balvin,reggaeton colombiano
J Balvin,trap latino
J Balvin,urbano latino
J Balvin,reggaeton
J Balvin,urbano latino
J Balvin,latin hip hop
J Balvin,reggaeton
J Balvin,trap latino
J Balvin,urbano latino
J Balvin,reggaeton
J Balvin,urbano latino
J Balvin,puerto rican pop
J Balvin,reggaeton
J Balvin,trap latino
J Balvin,urbano latino
J Balvin,latin hip hop
J Balvin,reggaeton
J Balvin,trap latino
J Balvin,urbano latino
J Balvin,panamanian pop
J Balvin,reggaeton
J Balvin,trap latino
J Balvin,urbano latino
J Balvin,reggaeton
J Balvin,urbano latino
J Balvin,colombian pop
J Balvin,latin pop
J Balvin,reggaeton
J Balvin,reggaeton colombiano
J Balvin,trap latino
J Balvin,urbano latino
J Balvin,latin hip hop
J Balvin,reggaeton
J Balvin,trap latino
J Balvin,urbano latino
J Balvin,colombian pop
J Balvin,latin pop
J Balvin,reggaeton
J Balvin,reggaeton colombiano
J Balvin,trap latino
J Balvin,urbano latino
J Balvin,latin pop
J Balvin,rap latina
J Balvin,reggaeton
J Balvin,urbano latino
J Balvin,reggaeton
J Balvin,reggaeton flow
J Balvin,trap latino
J Balvin,urbano latino
J Balvin,electro latino
J Balvin,reggaeton
J Balvin,trap latino
J Balvin,urbano latino
J Balvin,colombian pop
J Balvin,latin pop
J Balvin,reggaeton
J Balvin,reggaeton colombiano
J Balvin,urbano latino
J Balvin,puerto rican pop
J Balvin,reggaeton
J Balvin,trap latino
J Balvin,urbano latino
J Balvin,reggaeton
J Balvin,trap latino
J Balvin,urbano latino
J Balvin,latin hip hop
J Balvin,puerto rican pop
J Balvin,reggaeton
J Balvin,trap latino
J Balvin,urbano latino
Rosalia,latin pop
Rosalia,latin viral pop
Rosalia,pop argentino
TINI,pop argentino
TINI,pop argentino
TINI,argentine telepop
TINI,pop argentino
TINI,argentine hip hop
TINI,rap latina
TINI,cumbia pop
TINI,pop argentino
TINI,trap argentino
TINI,trap triste
TINI,trap argentino
TINI,cumbia pop
TINI,trap argentino
TINI,trap latino
TINI,urbano latino
TINI,trap argentino
TINI,trap triste
TINI,argentine hip hop
TINI,r&b argentino
TINI,trap argentino
TINI,trap latino
TINI,urbano latino
TINI,cumbia pop
TINI,trap argentino
TINI,trap triste
TINI,previa
TINI,cumbia pop
TINI,cumbia pop
TINI,latin pop
TINI,pop venezolano
TINI,reggaeton
TINI,urbano latino
TINI,cumbia pop
TINI,pop argentino
TINI,argentine hip hop
TINI,rap latina
TINI,reggaeton
TINI,trap argentino
TINI,trap latino
TINI,urbano latino
TINI,rkt
TINI,latin pop
TINI,latin viral pop
TINI,mexican pop
TINI,reggaeton
Rosalia,reggaeton
Rosalia,reggaeton colombiano
Rosalia,trap latino
Rosalia,urbano latino
KAROL G,latin pop
KAROL G,rap latina
KAROL G,reggaeton
KAROL G,urbano latino
KAROL G,latin pop
KAROL G,latin viral pop
KAROL G,rap latina
KAROL G,reggaeton
KAROL G,trap latino
KAROL G,urbano latino
KAROL G,colombian pop
KAROL G,latin pop
KAROL G,reggaeton
KAROL G,reggaeton colombiano
KAROL G,trap latino
KAROL G,urbano latino
KAROL G,colombian pop
KAROL G,latin pop
KAROL G,r&b en espanol
KAROL G,reggaeton
KAROL G,reggaeton colombiano
KAROL G,urbano latino
KAROL G,puerto rican pop
KAROL G,reggaeton
KAROL G,trap latino
KAROL G,urbano latino
KAROL G,colombian pop
KAROL G,latin pop
KAROL G,reggaeton
KAROL G,reggaeton colombiano
KAROL G,urbano latino
KAROL G,colombian pop
KAROL G,latin pop
KAROL G,latin viral pop
KAROL G,reggaeton colombiano
KAROL G,latin pop
KAROL G,reggaeton
KAROL G,reggaeton colombiano
KAROL G,trap latino
KAROL G,urbano latino
KAROL G,puerto rican pop
KAROL G,reggaeton
KAROL G,trap latino
KAROL G,urbano latino
KAROL G,colombian pop
KAROL G,pop reggaeton
KAROL G,reggaeton
KAROL G,reggaeton colombiano
KAROL G,trap latino
KAROL G,urbano latino
KAROL G,reggaeton
KAROL G,reggaeton colombiano
KAROL G,trap latino
KAROL G,urbano latino
KAROL G,latin hip hop
KAROL G,reggaeton
KAROL G,trap latino
KAROL G,urbano latino
KAROL G,argentine hip hop
KAROL G,rap latina
KAROL G,reggaeton
KAROL G,trap argentino
KAROL G,trap latino
KAROL G,urbano latino
KAROL G,reggaeton
KAROL G,reggaeton flow
KAROL G,trap boricua
KAROL G,trap latino
KAROL G,urbano latino
KAROL G,panamanian pop
KAROL G,reggaeton
KAROL G,trap latino
KAROL G,urbano latino
KAROL G,colombian pop
KAROL G,latin pop
KAROL G,reggaeton
KAROL G,reggaeton colombiano
KAROL G,trap latino
KAROL G,urbano latino
KAROL G,reggaeton
KAROL G,trap latino
KAROL G,urbano latino
KAROL G,bachata
KAROL G,latin hip hop
KAROL G,latin pop
KAROL G,urbano latino
KAROL G,reggaeton
KAROL G,trap latino
KAROL G,urbano latino
KAROL G,latin hip hop
KAROL G,reggaeton
KAROL G,trap latino
KAROL G,urbano latino
Rosalia,rap canario
Rosalia,trap latino
Rosalia,urbano latino
Quevedo,trap latino
Quevedo,urbano espanol
Quevedo,urbano latino
Quevedo,trap latino
Quevedo,urbano latino
Quevedo,reggaeton
Quevedo,trap latino
Quevedo,urbano latino
Quevedo,reggaeton
Quevedo,trap latino
Quevedo,urbano latino
Quevedo,colombian pop
Quevedo,pop reggaeton
Quevedo,reggaeton
Quevedo,reggaeton colombiano
Quevedo,trap latino
Quevedo,urbano latino
Quevedo,trap boricua
Quevedo,trap latino
Quevedo,trap triste
Quevedo,urbano latino
Quevedo,argentine hip hop
Quevedo,trap argentino
Quevedo,trap latino
Quevedo,trap triste
Quevedo,urbano latino
Quevedo,argentine hip hop
Quevedo,pop venezolano
Quevedo,trap argentino
Quevedo,trap latino
Quevedo,urbano latino
Quevedo,drill espanol
Quevedo,flamenco urbano
Quevedo,urbano espanol
Quevedo,urbano latino
Quevedo,trap argentino
Quevedo,trap latino
Quevedo,urbano latino
Quevedo,trap argentino
Quevedo,trap latino
Quevedo,urbano latino
Quevedo,urbano espanol
Quevedo,trap latino
Quevedo,urbano latino
Quevedo,flamenco urbano
Quevedo,pop flamenco
Quevedo,urbano espanol
Quevedo,trap latino
Quevedo,urbano latino
Quevedo,pop argentino
Quevedo,flamenco urbano
Quevedo,urbano espanol
Quevedo,puerto rican pop
Quevedo,reggaeton
Quevedo,trap latino
Quevedo,urbano latino
Quevedo,pop reggaeton
Quevedo,reggaeton
Quevedo,trap latino
Quevedo,urbano latino
Quevedo,argentine hip hop
Quevedo,r&b argentino
Quevedo,trap argentino
Quevedo,trap latino
Quevedo,urbano latino
Rosalia,argentine hip hop
Rosalia,r&b argentino
Rosalia,trap argentino
Rosalia,trap latino
Rosalia,urbano latino
Nicki Nicole,trap argentino
Nicki Nicole,trap latino
Nicki Nicole,urbano latino
Nicki Nicole,pop argentino
Nicki Nicole,argentine hip hop
Nicki Nicole,trap argentino
Nicki Nicole,trap latino
Nicki Nicole,trap triste
Nicki Nicole,urbano latino
Nicki Nicole,trap argentino
Nicki Nicole,trap triste
Nicki Nicole,argentine hip hop
Nicki Nicole,bases de freestyle
Nicki Nicole,trap argentino
Nicki Nicole,trap latino
Nicki Nicole,urbano latino
Nicki Nicole,pop argentino
Nicki Nicole,argentine hip hop
Nicki Nicole,trap argentino
Nicki Nicole,trap latino
Nicki Nicole,trap triste
Nicki Nicole,urbano latino
Nicki Nicole,argentine hip hop
Nicki Nicole,rap latina
Nicki Nicole,reggaeton
Nicki Nicole,trap argentino
Nicki Nicole,trap latino
Nicki Nicole,urbano latino
Nicki Nicole,trap argentino
Nicki Nicole,trap triste
Nicki Nicole,argentine hip hop
Nicki Nicole,trap argentino
Nicki Nicole,trap latino
Nicki Nicole,trap triste
Nicki Nicole,urbano latino
Nicki Nicole,trap argentino
Nicki Nicole,trap latino
Nicki Nicole,urbano latino
Nicki Nicole,argentine hip hop
Nicki Nicole,trap argentino
Nicki Nicole,argentine indie
Nicki Nicole,trap argentino
Nicki Nicole,argentine hip hop
Nicki Nicole,rap latina
Nicki Nicole,argentine hip hop
Nicki Nicole,trap argentino
Nicki Nicole,trap triste
Nicki Nicole,trap latino
Nicki Nicole,urbano latino
Nicki Nicole,latin pop
Nicki Nicole,latin viral pop
Nicki Nicole,pop argentino
Nicki Nicole,trap argentino
Nicki Nicole,argentine hip hop
Nicki Nicole,pop venezolano
Nicki Nicole,trap argentino
Nicki Nicole,trap latino
Nicki Nicole,urbano latino
Nicki Nicole,argentine telepop
Nicki Nicole,pop argentino
Rosalia,latin pop
Rosalia,latin viral pop
Rosalia,mexican pop
Danna Paola,cantautora mexicana
Danna Paola,latin arena pop
Danna Paola,latin pop
Danna Paola,mexican pop
Danna Paola,latin arena pop
Danna Paola,latin pop
Danna Paola,mexican pop
Danna Paola,latin pop
Danna Paola,latin viral pop
Danna Paola,viral pop
Danna Paola,latin pop
Danna Paola,latin viral pop
Danna Paola,mexican pop
Danna Paola,reggaeton
Danna Paola,latin arena pop
Danna Paola,latin pop
Danna Paola,mexican pop
Danna Paola,latin pop
Danna Paola,mexican pop
Danna Paola,colombian pop
Danna Paola,latin pop
Danna Paola,reggaeton
Danna Paola,latin viral pop
Danna Paola,mexican pop
Danna Paola,latin arena pop
Danna Paola,latin pop
Danna Paola,mexican pop
Danna Paola,latin pop
Danna Paola,rap latina
Danna Paola,reggaeton
Danna Paola,urbano latino
Danna Paola,latin arena pop
Danna Paola,latin pop
Danna Paola,mexican pop
Danna Paola,latin pop
Danna Paola,latin viral pop
Danna Paola,rap latina
Danna Paola,reggaeton
Danna Paola,trap latino
Danna Paola,urbano latino
Danna Paola,latin arena pop
Danna Paola,latin pop
Danna Paola,latin viral pop
Danna Paola,mexican pop
Danna Paola,latin arena pop
Danna Paola,latin pop
Danna Paola,mexican pop
Danna Paola,latin arena pop
Danna Paola,latin pop
Danna Paola,mexican pop
Danna Paola,reggaeton
Danna Paola,urbano latino
Danna Paola,latin pop
Danna Paola,latin viral pop
Danna Paola,mexican pop
Danna Paola,latin pop
Danna Paola,pop venezolano
Danna Paola,reggaeton
Danna Paola,urbano latino
Danna Paola,latin pop
Danna Paola,mexican pop
Danna Paola,argentine telepop
Danna Paola,colombian pop
Danna Paola,latin pop
Danna Paola,r&b en espanol
Danna Paola,reggaeton
Danna Paola,reggaeton colombiano
Danna Paola,urbano latino
