source,target,generes
Rosalia,NATHY PELUSO,"['r&b en espanol', 'rap latina']"
NATHY PELUSO,Sofía Gabanna,['rap underground espanol']
NATHY PELUSO,CA7RIEL,"['argentine indie', 'electronica argentina', 'trap argentino']"
NATHY PELUSO,Sara Hebe,"['argentine indie', 'rap latina', 'rap politico']"
NATHY PELUSO,Ptazeta,['rap canario']
NATHY PELUSO,C. Tangana,['urbano espanol']
NATHY PELUSO,Chita,"['argentine indie', 'r&b argentino', 'r&b en espanol']"
NATHY PELUSO,Mala Rodríguez,"['latin hip hop', 'rap latina']"
NATHY PELUSO,Marilina Bertoldi,"['argentine alternative rock', 'argentine indie', 'argentine rock']"
NATHY PELUSO,Bad Gyal,"['neoperreo', 'rap catala', 'rap latina', 'trap catala', 'urbano espanol', 'urbano latino']"
NATHY PELUSO,LOUTA,"['argentine alternative rock', 'argentine indie', 'electronica argentina', 'pop argentino']"
NATHY PELUSO,Ms Nina,"['neoperreo', 'rap latina']"
NATHY PELUSO,Gata Cattana,"['rap canario', 'rap latina', 'rap politico', 'spanish hip hop', 'urbano espanol']"
NATHY PELUSO,Paco Amoroso,"['argentine indie', 'rap underground argentino']"
NATHY PELUSO,ROSALÍA,"['pop', 'r&b en espanol']"
NATHY PELUSO,Usted Señalemelo,"['argentine alternative rock', 'argentine indie', 'argentine rock', 'electronica argentina', 'manso indie', 'pop electronico']"
NATHY PELUSO,Villano Antillano,"['rap boricua', 'urbano latino']"
NATHY PELUSO,TAICHU,['trap argentino']
NATHY PELUSO,Bandalos Chinos,"['argentine alternative rock', 'argentine indie', 'latin rock']"
NATHY PELUSO,El Kuelgue,"['argentine indie', 'argentine reggae', 'argentine rock']"
NATHY PELUSO,NAFTA,"['argentine indie', 'latin funk', 'r&b argentino']"
Rosalia,C. Tangana,['urbano espanol']
C. Tangana,DELLAFUENTE,"['flamenco urbano', 'urbano espanol']"
C. Tangana,Cruz Cafuné,"['rap canario', 'spanish hip hop', 'urbano espanol']"
C. Tangana,Sen Senra,['urbano espanol']
C. Tangana,Recycled J,"['spanish hip hop', 'urbano espanol']"
C. Tangana,NATHY PELUSO,"['r&b en espanol', 'rap latina']"
C. Tangana,Natos y Waor,"['rap underground espanol', 'spanish hip hop', 'urbano espanol']"
C. Tangana,Don Patricio,"['rap canario', 'urbano espanol']"
C. Tangana,Delaossa,"['boom bap espanol', 'rap canario', 'spanish hip hop', 'urbano espanol']"
C. Tangana,Bad Gyal,"['neoperreo', 'rap catala', 'rap latina', 'trap catala', 'urbano espanol', 'urbano latino']"
C. Tangana,Agorazein,"['spanish hip hop', 'urbano espanol']"
C. Tangana,Ayax y Prok,"['rap politico', 'spanish hip hop', 'urbano espanol']"
C. Tangana,Omar Montes,"['flamenco urbano', 'pop flamenco', 'urbano espanol']"
C. Tangana,Yung Beef,"['drill espanol', 'emo trap en espanol', 'neoperreo', 'spanish hip hop', 'urbano espanol']"
C. Tangana,FERNANDOCOSTA,['spanish hip hop']
C. Tangana,Sticky M.A.,"['emo trap en espanol', 'urbano espanol']"
C. Tangana,Alizzz,"['tontipop', 'vapor twitch']"
C. Tangana,Kaydy Cain,"['neoperreo', 'urbano espanol']"
C. Tangana,Juancho Marqués,"['spanish hip hop', 'urbano espanol']"
C. Tangana,Cupido,['urbano espanol']
C. Tangana,Maikel Delacalle,"['rap canario', 'trap latino', 'urbano espanol']"
Rosalia,Lola Indigo,"['latin viral pop', 'spanish pop']"
Lola Indigo,Ana Mena,['spanish pop']
Lola Indigo,Chanel,[]
Lola Indigo,Ana Guerra,"['latin pop', 'latin talent show', 'spanish pop']"
Lola Indigo,Aitana,"['latin talent show', 'latin viral pop', 'spanish pop']"
Lola Indigo,Vicco,[]
Lola Indigo,Belén Aguilera,['spanish pop']
Lola Indigo,Miriam Rodríguez,['latin talent show']
Lola Indigo,Omar Montes,"['flamenco urbano', 'pop flamenco', 'urbano espanol']"
Lola Indigo,Álvaro De Luna,['spanish pop']
Lola Indigo,Edurne,"['latin arena pop', 'spanish pop']"
Lola Indigo,Blas Cantó,['spanish pop']
Lola Indigo,Nil Moliner,['spanish pop']
Lola Indigo,Lérica,['spanish pop']
Lola Indigo,Miki Núñez,"['latin talent show', 'reggae catala']"
Lola Indigo,Sweet California,['latin viral pop']
Lola Indigo,Amaia,"['latin talent show', 'tontipop']"
Lola Indigo,Bad Gyal,"['neoperreo', 'rap catala', 'rap latina', 'trap catala', 'urbano espanol', 'urbano latino']"
Lola Indigo,Ptazeta,['rap canario']
Lola Indigo,Abraham Mateo,"['latin arena pop', 'latin pop', 'latin viral pop', 'reggaeton', 'spanish pop']"
Lola Indigo,Nerea Rodríguez,['latin talent show']
Rosalia,Bad Gyal,"['neoperreo', 'rap catala', 'rap latina', 'trap catala', 'urbano espanol', 'urbano latino']"
Bad Gyal,La Zowi,"['rap latina', 'urbano espanol']"
Bad Gyal,La Mafia del Amor,['urbano espanol']
Bad Gyal,La Mafia del Amor x El Combo Perfecto,['urbano espanol']
Bad Gyal,Tokischa,"['rap latina', 'trap dominicano']"
Bad Gyal,Soto Asa,['urbano espanol']
Bad Gyal,DELLAFUENTE,"['flamenco urbano', 'urbano espanol']"
Bad Gyal,Yung Beef,"['drill espanol', 'emo trap en espanol', 'neoperreo', 'spanish hip hop', 'urbano espanol']"
Bad Gyal,Kaydy Cain,"['neoperreo', 'urbano espanol']"
Bad Gyal,Albany,['urbano espanol']
Bad Gyal,Lola Indigo,"['latin viral pop', 'spanish pop']"
Bad Gyal,LUNA KI,['urbano espanol']
Bad Gyal,C. Tangana,['urbano espanol']
Bad Gyal,Omar Montes,"['flamenco urbano', 'pop flamenco', 'urbano espanol']"
Bad Gyal,Rvfv,"['drill espanol', 'flamenco urbano', 'urbano espanol', 'urbano latino']"
Bad Gyal,Ms Nina,"['neoperreo', 'rap latina']"
Bad Gyal,NATHY PELUSO,"['r&b en espanol', 'rap latina']"
Bad Gyal,Young Miko,"['trap latino', 'urbano latino']"
Bad Gyal,Beny Jr,"['drill espanol', 'urbano espanol']"
Bad Gyal,Saiko,"['trap latino', 'urbano espanol', 'urbano latino']"
Bad Gyal,PXXR GVNG,['urbano espanol']
Rosalia,Aitana,"['latin talent show', 'latin viral pop', 'spanish pop']"
Aitana,Ana Guerra,"['latin pop', 'latin talent show', 'spanish pop']"
Aitana,Lola Indigo,"['latin viral pop', 'spanish pop']"
Aitana,Ana Mena,['spanish pop']
Aitana,Miriam Rodríguez,['latin talent show']
Aitana,Beret,"['spanish hip hop', 'spanish pop']"
Aitana,Vicco,[]
Aitana,Álvaro De Luna,['spanish pop']
Aitana,Amaia,"['latin talent show', 'tontipop']"
Aitana,Chanel,[]
Aitana,Cepeda,"['latin talent show', 'spanish pop']"
Aitana,Nil Moliner,['spanish pop']
Aitana,Blas Cantó,['spanish pop']
Aitana,Edurne,"['latin arena pop', 'spanish pop']"
Aitana,Abraham Mateo,"['latin arena pop', 'latin pop', 'latin viral pop', 'reggaeton', 'spanish pop']"
Aitana,Belén Aguilera,['spanish pop']
Aitana,Operación Triunfo 2017,"['latin talent show', 'latin viral pop']"
Aitana,Sweet California,['latin viral pop']
Aitana,Melendi,"['spanish pop', 'spanish pop rock']"
Aitana,zzoilo,['latin pop']
Aitana,Dvicio,"['latin arena pop', 'latin pop', 'spanish pop']"
Rosalia,Becky G,"['latin pop', 'latin viral pop', 'rap latina', 'reggaeton', 'trap latino', 'urbano latino']"
Becky G,NATTI NATASHA,"['latin pop', 'rap latina', 'reggaeton', 'urbano latino']"
Becky G,Lele Pons,"['latin pop', 'latin viral pop', 'viral pop']"
Becky G,Sofía Reyes,"['latin pop', 'latin viral pop', 'mexican pop', 'reggaeton']"
Becky G,Danna Paola,"['latin pop', 'latin viral pop', 'mexican pop']"
Becky G,Piso 21,"['colombian pop', 'latin pop', 'reggaeton', 'reggaeton colombiano', 'trap latino', 'urbano latino']"
Becky G,CNCO,"['boy band', 'latin pop', 'reggaeton', 'urbano latino']"
Becky G,Greeicy,"['colombian pop', 'latin pop', 'r&b en espanol', 'reggaeton', 'reggaeton colombiano', 'urbano latino']"
Becky G,Nacho,"['latin pop', 'pop venezolano', 'reggaeton', 'trap latino', 'urbano latino']"
Becky G,Cazzu,"['argentine hip hop', 'rap latina', 'reggaeton', 'trap argentino', 'trap latino', 'urbano latino']"
Becky G,Mau y Ricky,"['latin pop', 'pop venezolano', 'reggaeton', 'urbano latino']"
Becky G,Manuel Turizo,"['colombian pop', 'latin pop', 'reggaeton', 'reggaeton colombiano', 'trap latino', 'urbano latino']"
Becky G,Sebastian Yatra,"['colombian pop', 'latin pop', 'reggaeton', 'reggaeton colombiano', 'urbano latino']"
Becky G,Prince Royce,"['bachata', 'latin hip hop', 'latin pop', 'urbano latino']"
Becky G,Abraham Mateo,"['latin arena pop', 'latin pop', 'latin viral pop', 'reggaeton', 'spanish pop']"
Becky G,KAROL G,"['reggaeton', 'reggaeton colombiano', 'trap latino', 'urbano latino']"
Becky G,Wisin,"['reggaeton', 'urbano latino']"
Becky G,Nicky Jam,"['latin hip hop', 'reggaeton', 'trap latino', 'urbano latino']"
Becky G,Farruko,"['reggaeton', 'trap latino', 'urbano latino']"
Becky G,Leslie Grace,"['bachata', 'latin viral pop']"
Becky G,Yandel,"['latin hip hop', 'reggaeton', 'trap latino', 'urbano latino']"
Rosalia,Paloma Mami,"['latin pop', 'reggaeton chileno', 'trap chileno']"
Paloma Mami,Princesa Alba,['trap chileno']
Paloma Mami,Denise Rosenthal,['pop chileno']
Paloma Mami,Cami,"['latin pop', 'pop chileno']"
Paloma Mami,Mariah Angeliq,"['rap latina', 'trap latino', 'urbano latino']"
Paloma Mami,SOULFIA,"['r&b en espanol', 'urbano chileno']"
Paloma Mami,Tommy Boysen,"['reggaeton chileno', 'urbano chileno']"
Paloma Mami,Ceaese,"['neoperreo', 'trap chileno', 'urbano chileno']"
Paloma Mami,Francisca Valenzuela,"['chilean rock', 'pop chileno', 'pop electronico']"
Paloma Mami,Farina,"['colombian pop', 'rap latina', 'reggaeton colombiano', 'trap latino', 'urbano latino']"
Paloma Mami,Ms Nina,"['neoperreo', 'rap latina']"
Paloma Mami,DrefQuila,"['reggaeton chileno', 'trap chileno', 'trap latino', 'urbano chileno']"
Paloma Mami,Polimá Westcoast,"['trap chileno', 'trap triste', 'urbano chileno']"
Paloma Mami,Gianluca,"['neoperreo', 'reggaeton chileno', 'trap chileno']"
Paloma Mami,NATHY PELUSO,"['r&b en espanol', 'rap latina']"
Paloma Mami,Young Cister,"['trap chileno', 'urbano chileno']"
Paloma Mami,Cazzu,"['argentine hip hop', 'rap latina', 'reggaeton', 'trap argentino', 'trap latino', 'urbano latino']"
Paloma Mami,Moral Distraida,"['chilean indie', 'chilean rock', 'cumbia chilena', 'pop chileno']"
Paloma Mami,Pablo Chill-E,"['trap chileno', 'urbano chileno', 'urbano latino']"
Paloma Mami,Bad Gyal,"['neoperreo', 'rap catala', 'rap latina', 'trap catala', 'urbano espanol', 'urbano latino']"
Paloma Mami,Los Power,['reggaeton chileno']
Rosalia,Ana Mena,['spanish pop']
Ana Mena,Vicco,[]
Ana Mena,Chanel,[]
Ana Mena,Lola Indigo,"['latin viral pop', 'spanish pop']"
Ana Mena,Ana Guerra,"['latin pop', 'latin talent show', 'spanish pop']"
Ana Mena,Edurne,"['latin arena pop', 'spanish pop']"
Ana Mena,Álvaro De Luna,['spanish pop']
Ana Mena,Abraham Mateo,"['latin arena pop', 'latin pop', 'latin viral pop', 'reggaeton', 'spanish pop']"
Ana Mena,Aitana,"['latin talent show', 'latin viral pop', 'spanish pop']"
Ana Mena,Lérica,['spanish pop']
Ana Mena,DePol,[]
Ana Mena,Nil Moliner,['spanish pop']
Ana Mena,Blas Cantó,['spanish pop']
Ana Mena,Belén Aguilera,['spanish pop']
Ana Mena,Dani Fernández,['spanish pop']
Ana Mena,Sweet California,['latin viral pop']
Ana Mena,Bombai,['spanish pop']
Ana Mena,Omar Montes,"['flamenco urbano', 'pop flamenco', 'urbano espanol']"
Ana Mena,MARLENA,['spanish pop']
Ana Mena,Miriam Rodríguez,['latin talent show']
Ana Mena,India Martinez,"['latin arena pop', 'pop flamenco', 'spanish pop']"
Rosalia,Mala Rodríguez,"['latin hip hop', 'rap latina']"
Mala Rodríguez,Arianna Puello,"['rap underground espanol', 'spanish hip hop']"
Mala Rodríguez,Violadores Del Verso,"['boom bap espanol', 'rap underground espanol', 'spanish hip hop', 'venezuelan hip hop']"
Mala Rodríguez,Ana Tijoux,"['chilean rock', 'latin alternative', 'latintronica', 'rap chileno', 'rap feminino chileno', 'rap latina', 'rap politico']"
Mala Rodríguez,Gata Cattana,"['rap canario', 'rap latina', 'rap politico', 'spanish hip hop', 'urbano espanol']"
Mala Rodríguez,Bebe,['spanish pop']
Mala Rodríguez,SFDK,"['rap politico', 'rap underground espanol', 'spanish hip hop']"
Mala Rodríguez,Kase.O,"['rap politico', 'spanish hip hop']"
Mala Rodríguez,ToteKing,"['boom bap espanol', 'rap underground espanol', 'spanish hip hop']"
Mala Rodríguez,R De Rumba,"['rap underground espanol', 'spanish hip hop']"
Mala Rodríguez,7 Notas 7 Colores,['spanish hip hop']
Mala Rodríguez,Shotta,"['rap politico', 'spanish hip hop']"
Mala Rodríguez,Sara Hebe,"['argentine indie', 'rap latina', 'rap politico']"
Mala Rodríguez,Orishas,"['conscious hip hop', 'cuban alternative', 'hip hop cubano', 'latin alternative', 'latin hip hop']"
Mala Rodríguez,Falsalarma,"['rap conciencia', 'spanish hip hop']"
Mala Rodríguez,Rapsusklei,"['boom bap espanol', 'rap conciencia', 'spanish hip hop']"
Mala Rodríguez,NATHY PELUSO,"['r&b en espanol', 'rap latina']"
Mala Rodríguez,Bomba Estéreo,"['cumbia', 'latin alternative', 'latin rock', 'pop electronico', 'tropical alternativo']"
Mala Rodríguez,Morodo,"['reggae en espanol', 'spanish hip hop', 'spanish reggae']"
Mala Rodríguez,Chambao,"['flamenco', 'pop flamenco', 'rumba', 'spanish pop']"
Mala Rodríguez,El Chojin,"['rap conciencia', 'spanish hip hop']"
Rosalia,NATTI NATASHA,"['latin pop', 'rap latina', 'reggaeton', 'urbano latino']"
NATTI NATASHA,Becky G,"['latin pop', 'latin viral pop', 'rap latina', 'reggaeton', 'trap latino', 'urbano latino']"
NATTI NATASHA,Lele Pons,"['latin pop', 'latin viral pop', 'viral pop']"
NATTI NATASHA,Sofía Reyes,"['latin pop', 'latin viral pop', 'mexican pop', 'reggaeton']"
NATTI NATASHA,Nacho,"['latin pop', 'pop venezolano', 'reggaeton', 'trap latino', 'urbano latino']"
NATTI NATASHA,Mau y Ricky,"['latin pop', 'pop venezolano', 'reggaeton', 'urbano latino']"
NATTI NATASHA,Joey Montana,"['latin pop', 'reggaeton', 'urbano latino']"
NATTI NATASHA,Greeicy,"['colombian pop', 'latin pop', 'r&b en espanol', 'reggaeton', 'reggaeton colombiano', 'urbano latino']"
NATTI NATASHA,CNCO,"['boy band', 'latin pop', 'reggaeton', 'urbano latino']"
NATTI NATASHA,Wisin,"['reggaeton', 'urbano latino']"
NATTI NATASHA,Chyno Miranda,"['latin pop', 'reggaeton', 'urbano latino']"
NATTI NATASHA,Piso 21,"['colombian pop', 'latin pop', 'reggaeton', 'reggaeton colombiano', 'trap latino', 'urbano latino']"
NATTI NATASHA,Chino & Nacho,"['electro latino', 'latin hip hop', 'latin pop', 'urbano latino']"
NATTI NATASHA,Danna Paola,"['latin pop', 'latin viral pop', 'mexican pop']"
NATTI NATASHA,Yandel,"['latin hip hop', 'reggaeton', 'trap latino', 'urbano latino']"
NATTI NATASHA,Leslie Grace,"['bachata', 'latin viral pop']"
NATTI NATASHA,Manuel Turizo,"['colombian pop', 'latin pop', 'reggaeton', 'reggaeton colombiano', 'trap latino', 'urbano latino']"
NATTI NATASHA,Justin Quiles,"['reggaeton', 'trap latino', 'urbano latino']"
NATTI NATASHA,Cazzu,"['argentine hip hop', 'rap latina', 'reggaeton', 'trap argentino', 'trap latino', 'urbano latino']"
NATTI NATASHA,Farruko,"['reggaeton', 'trap latino', 'urbano latino']"
NATTI NATASHA,Zion & Lennox,"['reggaeton', 'urbano latino']"
Rosalia,Rauw Alejandro,"['puerto rican pop', 'reggaeton', 'trap latino', 'urbano latino']"
Rauw Alejandro,Myke Towers,"['reggaeton', 'trap latino', 'urbano latino']"
Rauw Alejandro,Jhayco,"['reggaeton', 'trap latino', 'urbano latino']"
Rauw Alejandro,Mora,"['trap latino', 'urbano latino']"
Rauw Alejandro,Sech,"['panamanian pop', 'reggaeton', 'trap latino', 'urbano latino']"
Rauw Alejandro,Feid,"['colombian pop', 'pop reggaeton', 'reggaeton', 'reggaeton colombiano', 'trap latino', 'urbano latino']"
Rauw Alejandro,Lunay,"['reggaeton', 'reggaeton flow', 'trap latino', 'urbano latino']"
Rauw Alejandro,Dalex,"['r&b en espanol', 'reggaeton', 'trap latino', 'urbano latino']"
Rauw Alejandro,Tainy,"['pop reggaeton', 'reggaeton', 'trap latino', 'urbano latino']"
Rauw Alejandro,Jay Wheeler,"['reggaeton', 'trap latino', 'urbano latino']"
Rauw Alejandro,Justin Quiles,"['reggaeton', 'trap latino', 'urbano latino']"
Rauw Alejandro,Arcángel,"['latin hip hop', 'reggaeton', 'trap latino', 'urbano latino']"
Rauw Alejandro,Lenny Tavárez,"['reggaeton', 'trap argentino', 'trap latino', 'urbano latino']"
Rauw Alejandro,Quevedo,"['rap canario', 'trap latino', 'urbano latino']"
Rauw Alejandro,Eladio Carrion,"['trap boricua', 'trap latino', 'trap triste', 'urbano latino']"
Rauw Alejandro,Alex Rose,"['reggaeton', 'trap latino', 'urbano latino']"
Rauw Alejandro,Anuel AA,"['reggaeton', 'reggaeton flow', 'trap boricua', 'trap latino', 'urbano latino']"
Rauw Alejandro,Bryant Myers,"['reggaeton', 'reggaeton flow', 'trap latino', 'urbano latino']"
Rauw Alejandro,Manuel Turizo,"['colombian pop', 'latin pop', 'reggaeton', 'reggaeton colombiano', 'trap latino', 'urbano latino']"
Rauw Alejandro,Ozuna,"['puerto rican pop', 'reggaeton', 'trap latino', 'urbano latino']"
Rauw Alejandro,Young Miko,"['trap latino', 'urbano latino']"
Rosalia,Tokischa,"['rap latina', 'trap dominicano']"
Tokischa,Yailin la Mas Viral,"['dembow', 'dembow dominicano']"
Tokischa,Bad Gyal,"['neoperreo', 'rap catala', 'rap latina', 'trap catala', 'urbano espanol', 'urbano latino']"
Tokischa,Villano Antillano,"['rap boricua', 'urbano latino']"
Tokischa,La Perversa,"['dembow dominicano', 'trap dominicano']"
Tokischa,Young Miko,"['trap latino', 'urbano latino']"
Tokischa,La Insuperable,"['dembow', 'rap dominicano', 'rap latina']"
Tokischa,Yomel El Meloso,"['dembow', 'dembow dominicano', 'rap dominicano']"
Tokischa,Bellakath,"['reggaeton mexicano', 'urbano latino']"
Tokischa,Haraca Kiko,['dembow dominicano']
Tokischa,El Alfa,"['dembow', 'rap dominicano', 'trap latino', 'urbano latino']"
Tokischa,Yeri Mua,['urbano mexicano']
Tokischa,El Cherry Scom,['dembow']
Tokischa,Treintisiete,['dembow dominicano']
Tokischa,Rochy RD,"['dembow', 'dembow dominicano', 'rap dominicano', 'trap latino']"
Tokischa,Bulin 47,"['dembow', 'rap dominicano']"
Tokischa,Farina,"['colombian pop', 'rap latina', 'reggaeton colombiano', 'trap latino', 'urbano latino']"
Tokischa,Angel Dior,['dembow dominicano']
Tokischa,Kiko el Crazy,['dembow dominicano']
Tokischa,Arca,"['ai', 'art pop', 'deconstructed club', 'escape room', 'experimental pop', 'fluxwork']"
Tokischa,Dani Flow,['reggaeton mexicano']
Rosalia,Arca,"['ai', 'art pop', 'deconstructed club', 'escape room', 'experimental pop', 'fluxwork']"
Arca,Safety Trance,['latin tek']
Arca,SOPHIE,"['art pop', 'bubblegum bass', 'deconstructed club', 'escape room', 'hyperpop', 'proto-hyperpop', 'transpop']"
Arca,Sega Bodega,"['deconstructed club', 'escape room', 'hyperpop', 'proto-hyperpop']"
Arca,Eartheater,"['art pop', 'electra', 'escape room', 'experimental pop', 'spectra']"
Arca,Shygirl,"['alternative r&b', 'art pop', 'electra', 'escape room', 'grimewave', 'hyperpop']"
Arca,Isabella Lovestory,['latin tek']
Arca,COUCOU CHLOE,"['deconstructed club', 'electra', 'escape room', 'fluxwork', 'grimewave', 'hyperpop', 'proto-hyperpop', 'spectra']"
Arca,A. G. Cook,"['bubblegum bass', 'escape room', 'hyperpop', 'proto-hyperpop']"
Arca,Yves Tumor,"['art pop', 'escape room', 'experimental pop', 'experimental r&b', 'hypnagogic pop']"
Arca,Doon Kanda,"['deconstructed club', 'grimewave']"
Arca,Caroline Polachek,"['art pop', 'escape room', 'indie pop', 'indietronica']"
Arca,FKA twigs,"['afrofuturism', 'alternative r&b', 'art pop', 'escape room', 'experimental r&b', 'trip hop']"
Arca,Oneohtrix Point Never,"['ambient', 'art pop', 'drone', 'experimental pop', 'fluxwork', 'hauntology', 'hypnagogic pop', 'intelligent dance music', 'wonky']"
Arca,Namasenda,"['escape room', 'hyperpop', 'pink noise', 'proto-hyperpop']"
Arca,Amnesia Scanner,"['deconstructed club', 'finnish electronic', 'fluxwork', 'grimewave']"
Arca,Sevdaliza,"['alternative r&b', 'art pop', 'escape room', 'persian electronic']"
Arca,yeule,"['ambient pop', 'hyper-rock']"
Arca,Dorian Electra,"['escape room', 'hyper-rock', 'hyperpop', 'pink noise', 'proto-hyperpop']"
Arca,COBRAH,"['escape room', 'pink noise']"
Arca,Kelela,"['afrofuturism', 'alternative r&b', 'escape room', 'experimental r&b']"
Rosalia,Lele Pons,"['latin pop', 'latin viral pop', 'viral pop']"
Lele Pons,Sofía Reyes,"['latin pop', 'latin viral pop', 'mexican pop', 'reggaeton']"
Lele Pons,Guaynaa,"['reggaeton', 'reggaeton flow', 'urbano latino']"
Lele Pons,Malu Trevejo,[]
Lele Pons,Mariah Angeliq,"['rap latina', 'trap latino', 'urbano latino']"
Lele Pons,Mont,"['latin viral pop', 'urbano mexicano']"
Lele Pons,Farina,"['colombian pop', 'rap latina', 'reggaeton colombiano', 'trap latino', 'urbano latino']"
Lele Pons,Ingratax,"['concurso de talentos argentino', 'latin viral pop', 'urbano mexicano']"
Lele Pons,NATTI NATASHA,"['latin pop', 'rap latina', 'reggaeton', 'urbano latino']"
Lele Pons,Becky G,"['latin pop', 'latin viral pop', 'rap latina', 'reggaeton', 'trap latino', 'urbano latino']"
Lele Pons,Ely Blancarte,['latin viral pop']
Lele Pons,Danna Paola,"['latin pop', 'latin viral pop', 'mexican pop']"
Lele Pons,Katia Morales,[]
Lele Pons,Kimberly Loaiza,['latin viral pop']
Lele Pons,Fénix Team,['latin viral pop']
Lele Pons,Steff,['urbano mexicano']
Lele Pons,Katie Angel,['latin viral pop']
Lele Pons,Mariana Ávila,['latin viral pop']
Lele Pons,Jukilop,[]
Lele Pons,Jd Pantoja,"['latin viral pop', 'urbano mexicano']"
Lele Pons,Sofi Mata,['urbano mexicano']
Rosalia,J Balvin,"['reggaeton', 'reggaeton colombiano', 'trap latino', 'urbano latino']"
J Balvin,Nicky Jam,"['latin hip hop', 'reggaeton', 'trap latino', 'urbano latino']"
J Balvin,Farruko,"['reggaeton', 'trap latino', 'urbano latino']"
J Balvin,Maluma,"['latin pop', 'reggaeton', 'reggaeton colombiano', 'trap latino', 'urbano latino']"
J Balvin,Wisin,"['reggaeton', 'urbano latino']"
J Balvin,Yandel,"['latin hip hop', 'reggaeton', 'trap latino', 'urbano latino']"
J Balvin,Zion & Lennox,"['reggaeton', 'urbano latino']"
J Balvin,Ozuna,"['puerto rican pop', 'reggaeton', 'trap latino', 'urbano latino']"
J Balvin,Daddy Yankee,"['latin hip hop', 'reggaeton', 'trap latino', 'urbano latino']"
J Balvin,Sech,"['panamanian pop', 'reggaeton', 'trap latino', 'urbano latino']"
J Balvin,J Alvarez,"['reggaeton', 'urbano latino']"
J Balvin,Piso 21,"['colombian pop', 'latin pop', 'reggaeton', 'reggaeton colombiano', 'trap latino', 'urbano latino']"
J Balvin,Arcángel,"['latin hip hop', 'reggaeton', 'trap latino', 'urbano latino']"
J Balvin,Manuel Turizo,"['colombian pop', 'latin pop', 'reggaeton', 'reggaeton colombiano', 'trap latino', 'urbano latino']"
J Balvin,NATTI NATASHA,"['latin pop', 'rap latina', 'reggaeton', 'urbano latino']"
J Balvin,De La Ghetto,"['reggaeton', 'reggaeton flow', 'trap latino', 'urbano latino']"
J Balvin,Wisin & Yandel,"['electro latino', 'reggaeton', 'trap latino', 'urbano latino']"
J Balvin,Sebastian Yatra,"['colombian pop', 'latin pop', 'reggaeton', 'reggaeton colombiano', 'urbano latino']"
J Balvin,Rauw Alejandro,"['puerto rican pop', 'reggaeton', 'trap latino', 'urbano latino']"
J Balvin,Justin Quiles,"['reggaeton', 'trap latino', 'urbano latino']"
J Balvin,Don Omar,"['latin hip hop', 'puerto rican pop', 'reggaeton', 'trap latino', 'urbano latino']"
Rosalia,TINI,"['latin pop', 'latin viral pop', 'pop argentino']"
TINI,Emilia,['pop argentino']
TINI,Maria Becerra,['pop argentino']
TINI,Lali,"['argentine telepop', 'pop argentino']"
TINI,La Joaqui,"['argentine hip hop', 'rap latina']"
TINI,MYA,"['cumbia pop', 'pop argentino']"
TINI,Rusherking,"['trap argentino', 'trap triste']"
TINI,Big One,['trap argentino']
TINI,Rombai,['cumbia pop']
TINI,Tiago PZK,"['trap argentino', 'trap latino', 'urbano latino']"
TINI,FMK,"['trap argentino', 'trap triste']"
TINI,Nicki Nicole,"['argentine hip hop', 'r&b argentino', 'trap argentino', 'trap latino', 'urbano latino']"
TINI,Luck Ra,"['cumbia pop', 'trap argentino', 'trap triste']"
TINI,BM,['previa']
TINI,Marama,['cumbia pop']
TINI,Migrantes,['cumbia pop']
TINI,Mau y Ricky,"['latin pop', 'pop venezolano', 'reggaeton', 'urbano latino']"
TINI,j mena,"['cumbia pop', 'pop argentino']"
TINI,Cazzu,"['argentine hip hop', 'rap latina', 'reggaeton', 'trap argentino', 'trap latino', 'urbano latino']"
TINI,Callejero Fino,['rkt']
TINI,Sofía Reyes,"['latin pop', 'latin viral pop', 'mexican pop', 'reggaeton']"
Rosalia,KAROL G,"['reggaeton', 'reggaeton colombiano', 'trap latino', 'urbano latino']"
KAROL G,NATTI NATASHA,"['latin pop', 'rap latina', 'reggaeton', 'urbano latino']"
KAROL G,Becky G,"['latin pop', 'latin viral pop', 'rap latina', 'reggaeton', 'trap latino', 'urbano latino']"
KAROL G,Manuel Turizo,"['colombian pop', 'latin pop', 'reggaeton', 'reggaeton colombiano', 'trap latino', 'urbano latino']"
KAROL G,Greeicy,"['colombian pop', 'latin pop', 'r&b en espanol', 'reggaeton', 'reggaeton colombiano', 'urbano latino']"
KAROL G,Rauw Alejandro,"['puerto rican pop', 'reggaeton', 'trap latino', 'urbano latino']"
KAROL G,Sebastian Yatra,"['colombian pop', 'latin pop', 'reggaeton', 'reggaeton colombiano', 'urbano latino']"
KAROL G,Camilo,"['colombian pop', 'latin pop', 'latin viral pop', 'reggaeton colombiano']"
KAROL G,Maluma,"['latin pop', 'reggaeton', 'reggaeton colombiano', 'trap latino', 'urbano latino']"
KAROL G,Ozuna,"['puerto rican pop', 'reggaeton', 'trap latino', 'urbano latino']"
KAROL G,Feid,"['colombian pop', 'pop reggaeton', 'reggaeton', 'reggaeton colombiano', 'trap latino', 'urbano latino']"
KAROL G,J Balvin,"['reggaeton', 'reggaeton colombiano', 'trap latino', 'urbano latino']"
KAROL G,Daddy Yankee,"['latin hip hop', 'reggaeton', 'trap latino', 'urbano latino']"
KAROL G,Cazzu,"['argentine hip hop', 'rap latina', 'reggaeton', 'trap argentino', 'trap latino', 'urbano latino']"
KAROL G,Anuel AA,"['reggaeton', 'reggaeton flow', 'trap boricua', 'trap latino', 'urbano latino']"
KAROL G,Sech,"['panamanian pop', 'reggaeton', 'trap latino', 'urbano latino']"
KAROL G,Piso 21,"['colombian pop', 'latin pop', 'reggaeton', 'reggaeton colombiano', 'trap latino', 'urbano latino']"
KAROL G,Farruko,"['reggaeton', 'trap latino', 'urbano latino']"
KAROL G,Romeo Santos,"['bachata', 'latin hip hop', 'latin pop', 'urbano latino']"
KAROL G,Bad Bunny,"['reggaeton', 'trap latino', 'urbano latino']"
KAROL G,Nicky Jam,"['latin hip hop', 'reggaeton', 'trap latino', 'urbano latino']"
Rosalia,Quevedo,"['rap canario', 'trap latino', 'urbano latino']"
Quevedo,Saiko,"['trap latino', 'urbano espanol', 'urbano latino']"
Quevedo,Mora,"['trap latino', 'urbano latino']"
Quevedo,Myke Towers,"['reggaeton', 'trap latino', 'urbano latino']"
Quevedo,Jhayco,"['reggaeton', 'trap latino', 'urbano latino']"
Quevedo,Feid,"['colombian pop', 'pop reggaeton', 'reggaeton', 'reggaeton colombiano', 'trap latino', 'urbano latino']"
Quevedo,Eladio Carrion,"['trap boricua', 'trap latino', 'trap triste', 'urbano latino']"
Quevedo,Duki,"['argentine hip hop', 'trap argentino', 'trap latino', 'trap triste', 'urbano latino']"
Quevedo,Bizarrap,"['argentine hip hop', 'pop venezolano', 'trap argentino', 'trap latino', 'urbano latino']"
Quevedo,Rvfv,"['drill espanol', 'flamenco urbano', 'urbano espanol', 'urbano latino']"
Quevedo,Tiago PZK,"['trap argentino', 'trap latino', 'urbano latino']"
Quevedo,Milo j,"['trap argentino', 'trap latino', 'urbano latino']"
Quevedo,JC Reyes,['urbano espanol']
Quevedo,Dei V,"['trap latino', 'urbano latino']"
Quevedo,Omar Montes,"['flamenco urbano', 'pop flamenco', 'urbano espanol']"
Quevedo,Young Miko,"['trap latino', 'urbano latino']"
Quevedo,Emilia,['pop argentino']
Quevedo,DELLAFUENTE,"['flamenco urbano', 'urbano espanol']"
Quevedo,Rauw Alejandro,"['puerto rican pop', 'reggaeton', 'trap latino', 'urbano latino']"
Quevedo,Tainy,"['pop reggaeton', 'reggaeton', 'trap latino', 'urbano latino']"
Quevedo,Nicki Nicole,"['argentine hip hop', 'r&b argentino', 'trap argentino', 'trap latino', 'urbano latino']"
Rosalia,Nicki Nicole,"['argentine hip hop', 'r&b argentino', 'trap argentino', 'trap latino', 'urbano latino']"
Nicki Nicole,Tiago PZK,"['trap argentino', 'trap latino', 'urbano latino']"
Nicki Nicole,Emilia,['pop argentino']
Nicki Nicole,LIT killah,"['argentine hip hop', 'trap argentino', 'trap latino', 'trap triste', 'urbano latino']"
Nicki Nicole,Rusherking,"['trap argentino', 'trap triste']"
Nicki Nicole,Trueno,"['argentine hip hop', 'bases de freestyle', 'trap argentino', 'trap latino', 'urbano latino']"
Nicki Nicole,Maria Becerra,['pop argentino']
Nicki Nicole,KHEA,"['argentine hip hop', 'trap argentino', 'trap latino', 'trap triste', 'urbano latino']"
Nicki Nicole,Cazzu,"['argentine hip hop', 'rap latina', 'reggaeton', 'trap argentino', 'trap latino', 'urbano latino']"
Nicki Nicole,FMK,"['trap argentino', 'trap triste']"
Nicki Nicole,Duki,"['argentine hip hop', 'trap argentino', 'trap latino', 'trap triste', 'urbano latino']"
Nicki Nicole,Milo j,"['trap argentino', 'trap latino', 'urbano latino']"
Nicki Nicole,YSY A,"['argentine hip hop', 'trap argentino']"
Nicki Nicole,WOS,"['argentine indie', 'trap argentino']"
Nicki Nicole,La Joaqui,"['argentine hip hop', 'rap latina']"
Nicki Nicole,Bhavi,"['argentine hip hop', 'trap argentino', 'trap triste']"
Nicki Nicole,Young Miko,"['trap latino', 'urbano latino']"
Nicki Nicole,TINI,"['latin pop', 'latin viral pop', 'pop argentino']"
Nicki Nicole,Rei,['trap argentino']
Nicki Nicole,Bizarrap,"['argentine hip hop', 'pop venezolano', 'trap argentino', 'trap latino', 'urbano latino']"
Nicki Nicole,Lali,"['argentine telepop', 'pop argentino']"
Rosalia,Danna Paola,"['latin pop', 'latin viral pop', 'mexican pop']"
Danna Paola,Paty Cantú,"['cantautora mexicana', 'latin arena pop', 'latin pop', 'mexican pop']"
Danna Paola,Belinda,"['latin arena pop', 'latin pop', 'mexican pop']"
Danna Paola,Lele Pons,"['latin pop', 'latin viral pop', 'viral pop']"
Danna Paola,Sofía Reyes,"['latin pop', 'latin viral pop', 'mexican pop', 'reggaeton']"
Danna Paola,Ha*Ash,"['latin arena pop', 'latin pop', 'mexican pop']"
Danna Paola,María José,"['latin pop', 'mexican pop']"
Danna Paola,Fanny Lu,"['colombian pop', 'latin pop', 'reggaeton']"
Danna Paola,Paulina Goto,"['latin viral pop', 'mexican pop']"
Danna Paola,Jesse & Joy,"['latin arena pop', 'latin pop', 'mexican pop']"
Danna Paola,NATTI NATASHA,"['latin pop', 'rap latina', 'reggaeton', 'urbano latino']"
Danna Paola,Playa Limbo,"['latin arena pop', 'latin pop', 'mexican pop']"
Danna Paola,Becky G,"['latin pop', 'latin viral pop', 'rap latina', 'reggaeton', 'trap latino', 'urbano latino']"
Danna Paola,Río Roma,"['latin arena pop', 'latin pop', 'latin viral pop', 'mexican pop']"
Danna Paola,Yuridia,"['latin arena pop', 'latin pop', 'mexican pop']"
Danna Paola,Reik,"['latin arena pop', 'latin pop', 'mexican pop', 'reggaeton', 'urbano latino']"
Danna Paola,Maite Perroni,"['latin pop', 'latin viral pop', 'mexican pop']"
Danna Paola,Mau y Ricky,"['latin pop', 'pop venezolano', 'reggaeton', 'urbano latino']"
Danna Paola,Thalia,"['latin pop', 'mexican pop']"
Danna Paola,Eiza,['argentine telepop']
Danna Paola,Greeicy,"['colombian pop', 'latin pop', 'r&b en espanol', 'reggaeton', 'reggaeton colombiano', 'urbano latino']"
